Workbook

Sheet Claims_Data
A1: claim_id | B1: member_id | C1: member_name | D1: provider_id | E1: provider_name | F1: network_status | G1: service_date | H1: coverage_end | I1: claim_amount | J1: claim_status | K1: denial_reason | L1: Eligibility Check | M1: Days After Coverage | N1: Claim Validation | O1: Denial Reason Check
A2: CLM1001 | B2: 1001 | C2: Aarav Shah | D2: 501 | E2: Charlotte Medical Center | F2: In-Network | G2: 46218 | H2: 46387 | I2: 1250 | J2: Approved | L2: =IF(G2<=H2,"Eligible","Not Eligible") -> Eligible | M2: =IF(G2>H2,G2-H2,0) -> 0 | N2: =IF(AND(L2="Not Eligible",J2<>"Denied"),"Review","Valid") -> Valid | O2: =IF(AND(J2="Denied",K2=""),"Missing Reason","Valid") -> Valid
A3: CLM1002 | B3: 1002 | C3: Riya Patel | D3: 502 | E3: Carolina Primary Care | F3: In-Network | G3: 46237 | H3: 46387 | I3: 275 | J3: Approved | L3: =IF(G3<=H3,"Eligible","Not Eligible") -> Eligible | M3: =IF(G3>H3,G3-H3,0) -> 0 | N3: =IF(AND(L3="Not Eligible",J3<>"Denied"),"Review","Valid") -> Valid | O3: =IF(AND(J3="Denied",K3=""),"Missing Reason","Valid") -> Valid
A4: CLM1003 | B4: 1003 | C4: Neha Sharma | D4: 503 | E4: Piedmont Specialist Center | F4: Out-of-Network | G4: 46252 | H4: 46387 | I4: 850 | J4: Denied | K4: Out-of-Network | L4: =IF(G4<=H4,"Eligible","Not Eligible") -> Eligible | M4: =IF(G4>H4,G4-H4,0) -> 0 | N4: =IF(AND(L4="Not Eligible",J4<>"Denied"),"Review","Valid") -> Valid | O4: =IF(AND(J4="Denied",K4=""),"Missing Reason","Valid") -> Valid
A5: CLM1004 | B5: 1004 | C5: Amit Mehta | D5: 501 | E5: Charlotte Medical Center | F5: In-Network | G5: 46275 | H5: 46265 | I5: 2100 | J5: Denied | K5: Member Not Eligible | L5: =IF(G5<=H5,"Eligible","Not Eligible") -> Not Eligible | M5: =IF(G5>H5,G5-H5,0) -> 10 | N5: =IF(AND(L5="Not Eligible",J5<>"Denied"),"Review","Valid") -> Valid | O5: =IF(AND(J5="Denied",K5=""),"Missing Reason","Valid") -> Valid
A6: CLM1005 | B6: 1005 | C6: Sara Johnson | D6: 504 | E6: Peachtree Health Clinic | F6: In-Network | G6: 46277 | H6: 46387 | I6: 425 | J6: Approved | L6: =IF(G6<=H6,"Eligible","Not Eligible") -> Eligible | M6: =IF(G6>H6,G6-H6,0) -> 0 | N6: =IF(AND(L6="Not Eligible",J6<>"Denied"),"Review","Valid") -> Valid | O6: =IF(AND(J6="Denied",K6=""),"Missing Reason","Valid") -> Valid
A7: CLM1006 | B7: 1002 | C7: Riya Patel | D7: 503 | E7: Piedmont Specialist Center | F7: Out-of-Network | G7: 46279 | H7: 46387 | I7: 975 | J7: Denied | K7: Out-of-Network | L7: =IF(G7<=H7,"Eligible","Not Eligible") -> Eligible | M7: =IF(G7>H7,G7-H7,0) -> 0 | N7: =IF(AND(L7="Not Eligible",J7<>"Denied"),"Review","Valid") -> Valid | O7: =IF(AND(J7="Denied",K7=""),"Missing Reason","Valid") -> Valid
A8: CLM1007 | B8: 1001 | C8: Aarav Shah | D8: 502 | E8: Carolina Primary Care | F8: In-Network | G8: 46281 | H8: 46387 | I8: 180 | J8: Pending | L8: =IF(G8<=H8,"Eligible","Not Eligible") -> Eligible | M8: =IF(G8>H8,G8-H8,0) -> 0 | N8: =IF(AND(L8="Not Eligible",J8<>"Denied"),"Review","Valid") -> Valid | O8: =IF(AND(J8="Denied",K8=""),"Missing Reason","Valid") -> Valid
A9: CLM1008 | B9: 1003 | C9: Neha Sharma | D9: 501 | E9: Charlotte Medical Center | F9: In-Network | G9: 46283 | H9: 46387 | I9: 1650 | J9: Approved | L9: =IF(G9<=H9,"Eligible","Not Eligible") -> Eligible | M9: =IF(G9>H9,G9-H9,0) -> 0 | N9: =IF(AND(L9="Not Eligible",J9<>"Denied"),"Review","Valid") -> Valid | O9: =IF(AND(J9="Denied",K9=""),"Missing Reason","Valid") -> Valid

Sheet Summary
A1: Healthcare Claims Summary
A3: Metric | B3: Value
A4: Total Claims | B4: =COUNTA(Claims_Data!A2:A9) -> 8
A5: Approved Claims | B5: =COUNTIF(Claims_Data!J2:J9,"Approved") -> 4
A6: Denied Claims | B6: =COUNTIF(Claims_Data!J2:J9,"Denied") -> 3
A7: Pending Claims | B7: =COUNTIF(Claims_Data!J2:J9,"Pending") -> 1
A8: Total Claim Amount | B8: =SUM(Claims_Data!I2:I9) -> 7705
A9: Denial Rate | B9: =B6/B4 -> 0.375
A12: Denial Reason | B12: Count | C12: % of Denials
A13: Out-of-Network | B13: =COUNTIF(Claims_Data!K2:K9,A13) -> 2 | C13: =B13/$B$6 -> 0.66666667
A14: Member Not eligible | B14: =COUNTIF(Claims_Data!K2:K9,A14) -> 1 | C14: =B14/$B$6 -> 0.33333333
A17: Network Status | B17: Total Claims | C17: Denied Claims | D17: Denial Rate
A18: In-Network | B18: =COUNTIF(Claims_Data!F2:F9,A18) -> 6 | C18: =COUNTIFS(Claims_Data!F2:F9,A18,Claims_Data!J2:J9,"Denied") -> 1 | D18: =C18/B18 -> 0.16666667
A19: Out-of-Network | B19: =COUNTIF(Claims_Data!F2:F9,A19) -> 2 | C19: =COUNTIFS(Claims_Data!F2:F9,A19,Claims_Data!J2:J9,"Denied") -> 2 | D19: =C19/B19 -> 1
A22: Provider | B22: Total Claims | C22: Total Claim Amount
A23: Charlotte Medical Center | B23: =COUNTIF(Claims_Data!E2:E9,A23) -> 3 | C23: =SUMIF(Claims_Data!E2:E9,A23,Claims_Data!I2:I9) -> 5000
A24: Carolina Primary Care | B24: =COUNTIF(Claims_Data!E2:E9,A24) -> 2 | C24: =SUMIF(Claims_Data!E2:E9,A24,Claims_Data!I2:I9) -> 455
A25: Piedmont Specialist Center | B25: =COUNTIF(Claims_Data!E2:E9,A25) -> 2 | C25: =SUMIF(Claims_Data!E2:E9,A25,Claims_Data!I2:I9) -> 1825
A26: Peachtree Health Clinic | B26: =COUNTIF(Claims_Data!E2:E9,A26) -> 1 | C26: =SUMIF(Claims_Data!E2:E9,A26,Claims_Data!I2:I9) -> 425
A29: Provider | B29: Denied Claims | C29: Calculate Provide denial rate
A30: Charlotte Medical Center | B30: =COUNTIFS(Claims_Data!E2:E9,A30,Claims_Data!J2:J9,"Denied") -> 1 | C30: =B30/COUNTIF(Claims_Data!E2:E9,A30) -> 0.33333333
A31: Carolina Primary Care | B31: =COUNTIFS(Claims_Data!E3:E10,A31,Claims_Data!J3:J10,"Denied") -> 0 | C31: =B31/COUNTIF(Claims_Data!E3:E10,A31) -> 0
A32: Piedmont Specialist Center | B32: =COUNTIFS(Claims_Data!E4:E11,A32,Claims_Data!J4:J11,"Denied") -> 2 | C32: =B32/COUNTIF(Claims_Data!E4:E11,A32) -> 1
A33: Peachtree Health Clinic | B33: =COUNTIFS(Claims_Data!E5:E12,A33,Claims_Data!J5:J12,"Denied") -> 0 | C33: =B33/COUNTIF(Claims_Data!E5:E12,A33) -> 0
